,0
loki,117.30163201975306
timeline,64.67791513822667
tva,63.5580531174995
marvel,41.39703811929326
mcu,40.27671907748845
episode,37.98040052404614
avenger,31.135069287703004
variant,29.58869879628642
stone,28.893353971978645
black,28.274573240577077
see,26.5297234662259
character,25.896645528386497
widow,24.868316912691117
sacred,24.093955342442072
series,23.204619810159866
multiverse,23.111223978804155
endgame,21.892629127394365
thor,21.736453139892543
infinity,21.430135339446885
theory,21.159944599770817
